epoch,step,train_loss_epoch,train_loss_step,val/mse,val_loss
0,49,,0.6554709672927856,,
0,99,,0.9194839596748352,,
0,149,,0.70966637134552,,
0,199,,0.6633955836296082,,
0,249,,0.696563720703125,,
0,299,,0.778112530708313,,
0,349,,0.5158400535583496,,
0,399,,0.6781749725341797,,
0,449,,0.8045769929885864,,
0,499,,0.5305567979812622,,
0,549,,0.888647735118866,,
0,599,,0.5694562196731567,,
0,649,,0.6769030094146729,,
0,699,,0.6678362488746643,,
0,749,,0.6218187808990479,,
0,799,,0.4794345498085022,,
0,849,,0.5800622701644897,,
0,899,,0.4151178300380707,,
0,949,,0.6673041582107544,,
0,999,,0.5649630427360535,,
0,1010,,,0.5267680287361145,0.5267680287361145
0,1010,0.708398163318634,,,
1,1049,,0.3295772969722748,,
1,1099,,0.40536463260650635,,
1,1149,,0.5198875069618225,,
1,1199,,0.4884504973888397,,
1,1249,,0.5904920101165771,,
1,1299,,0.37802350521087646,,
1,1349,,0.5402520895004272,,
1,1399,,0.49146872758865356,,
1,1449,,0.520882248878479,,
1,1499,,0.5585864782333374,,
1,1549,,0.4848187267780304,,
1,1599,,0.5965436697006226,,
1,1649,,0.46041327714920044,,
1,1699,,0.4021420180797577,,
1,1749,,0.2714759111404419,,
1,1799,,0.5034705996513367,,
1,1849,,0.4714599847793579,,
1,1899,,0.31485092639923096,,
1,1949,,0.3958989083766937,,
1,1999,,0.48550334572792053,,
1,2021,,,0.3327653110027313,0.33276528120040894
1,2021,0.45244303345680237,,,
2,2049,,0.29199570417404175,,
2,2099,,0.33516040444374084,,
2,2149,,0.33308663964271545,,
2,2199,,0.20355889201164246,,
2,2249,,0.4334033727645874,,
2,2299,,0.2815314531326294,,
2,2349,,0.27231359481811523,,
2,2399,,0.28308331966400146,,
2,2449,,0.3088730573654175,,
2,2499,,0.3136734664440155,,
2,2549,,0.349270761013031,,
2,2599,,0.22222833335399628,,
2,2649,,0.3417767882347107,,
2,2699,,0.18230319023132324,,
2,2749,,0.3088606595993042,,
2,2799,,0.1838139444589615,,
2,2849,,0.335470974445343,,
2,2899,,0.27034875750541687,,
2,2949,,0.17781928181648254,,
2,2999,,0.1356368064880371,,
2,3032,,,0.2581281065940857,0.2581281065940857
2,3032,0.2882271111011505,,,
3,3049,,0.23312970995903015,,
3,3099,,0.23641851544380188,,
3,3149,,0.33535173535346985,,
3,3199,,0.2413327991962433,,
3,3249,,0.25000813603401184,,
3,3299,,0.12256007641553879,,
3,3349,,0.20661000907421112,,
3,3399,,0.21488159894943237,,
3,3449,,0.22641342878341675,,
3,3499,,0.14551883935928345,,
3,3549,,0.2772678732872009,,
3,3599,,0.18805992603302002,,
3,3649,,0.12708690762519836,,
3,3699,,0.13388007879257202,,
3,3749,,0.2391374111175537,,
3,3799,,0.23162317276000977,,
3,3849,,0.19141235947608948,,
3,3899,,0.21483001112937927,,
3,3949,,0.20786690711975098,,
3,3999,,0.19788983464241028,,
3,4043,,,0.1670861542224884,0.1670861542224884
3,4043,0.19887450337409973,,,
4,4049,,0.15337076783180237,,
4,4099,,0.29519128799438477,,
4,4149,,0.17157721519470215,,
4,4199,,0.24449431896209717,,
4,4249,,0.2656245231628418,,
4,4299,,0.13894738256931305,,
4,4349,,0.16891339421272278,,
4,4399,,0.19861440360546112,,
4,4449,,0.1442876011133194,,
4,4499,,0.132280170917511,,
4,4549,,0.07747745513916016,,
4,4599,,0.241074800491333,,
4,4649,,0.13495786488056183,,
4,4699,,0.1690836101770401,,
4,4749,,0.1471751183271408,,
4,4799,,0.1342151165008545,,
4,4849,,0.15516343712806702,,
4,4899,,0.16872602701187134,,
4,4949,,0.2115919440984726,,
4,4999,,0.1361735314130783,,
4,5049,,0.18772807717323303,,
4,5054,,,0.14519748091697693,0.14519748091697693
4,5054,0.1550823450088501,,,
5,5099,,0.15591737627983093,,
5,5149,,0.13085758686065674,,
5,5199,,0.09512372314929962,,
5,5249,,0.08884807676076889,,
5,5299,,0.10117030143737793,,
5,5349,,0.17847894132137299,,
5,5399,,0.13439291715621948,,
5,5449,,0.16602973639965057,,
5,5499,,0.1299600452184677,,
5,5549,,0.07745440304279327,,
5,5599,,0.0779065489768982,,
5,5649,,0.21904315054416656,,
5,5699,,0.1428784728050232,,
5,5749,,0.14873123168945312,,
5,5799,,0.12321095913648605,,
5,5849,,0.06796562671661377,,
5,5899,,0.10225695371627808,,
5,5949,,0.11426578462123871,,
5,5999,,0.1074250191450119,,
5,6049,,0.1112716943025589,,
5,6065,,,0.11734652519226074,0.11734652519226074
5,6065,0.12712562084197998,,,
6,6099,,0.0942436009645462,,
6,6149,,0.1053977683186531,,
6,6199,,0.09909474104642868,,
6,6249,,0.09671813994646072,,
6,6299,,0.05004492774605751,,
6,6349,,0.1671881079673767,,
6,6399,,0.12220484018325806,,
6,6449,,0.18328776955604553,,
6,6499,,0.19832652807235718,,
6,6549,,0.08701442182064056,,
6,6599,,0.15144789218902588,,
6,6649,,0.08449588716030121,,
6,6699,,0.08943533152341843,,
6,6749,,0.1769716739654541,,
6,6799,,0.06891711056232452,,
6,6849,,0.12926004827022552,,
6,6899,,0.07659617811441422,,
6,6949,,0.15354453027248383,,
6,6999,,0.09664332866668701,,
6,7049,,0.07084278017282486,,
6,7076,,,0.11414855718612671,0.1141485869884491
6,7076,0.10889218002557755,,,
7,7099,,0.10964775085449219,,
7,7149,,0.054937928915023804,,
7,7199,,0.13091051578521729,,
7,7249,,0.06988895684480667,,
7,7299,,0.0780673548579216,,
7,7349,,0.11399711668491364,,
7,7399,,0.10981074720621109,,
7,7449,,0.07978180795907974,,
7,7499,,0.21749769151210785,,
7,7549,,0.08436104655265808,,
7,7599,,0.08220399916172028,,
7,7649,,0.06779651343822479,,
7,7699,,0.05083969980478287,,
7,7749,,0.04574410989880562,,
7,7799,,0.0764041393995285,,
7,7849,,0.0868341252207756,,
7,7899,,0.06511316448450089,,
7,7949,,0.11579330265522003,,
7,7999,,0.09835539758205414,,
7,8049,,0.08359836041927338,,
7,8087,,,0.09113723039627075,0.09113723039627075
7,8087,0.09501565247774124,,,
8,8099,,0.11897741258144379,,
8,8149,,0.09829479455947876,,
8,8199,,0.07533423602581024,,
8,8249,,0.09382984042167664,,
8,8299,,0.0631536990404129,,
8,8349,,0.10582970082759857,,
8,8399,,0.08770439028739929,,
8,8449,,0.11659204959869385,,
8,8499,,0.05626991018652916,,
8,8549,,0.04481808841228485,,
8,8599,,0.10295794159173965,,
8,8649,,0.11743700504302979,,
8,8699,,0.07643648236989975,,
8,8749,,0.07190568745136261,,
8,8799,,0.07458436489105225,,
8,8849,,0.0810943990945816,,
8,8899,,0.15661604702472687,,
8,8949,,0.10034850239753723,,
8,8999,,0.04024934768676758,,
8,9049,,0.03828480839729309,,
8,9098,,,0.08675762265920639,0.08675762265920639
8,9098,0.08462326973676682,,,
9,9099,,0.07515847682952881,,
9,9149,,0.10714313387870789,,
9,9199,,0.0377628356218338,,
9,9249,,0.046455077826976776,,
9,9299,,0.058193471282720566,,
9,9349,,0.05578907951712608,,
9,9399,,0.05626947805285454,,
9,9449,,0.1205686628818512,,
9,9499,,0.04259897768497467,,
9,9549,,0.05345901846885681,,
9,9599,,0.06038035452365875,,
9,9649,,0.08925949037075043,,
9,9699,,0.09195224940776825,,
9,9749,,0.07385826855897903,,
9,9799,,0.08139992505311966,,
9,9849,,0.0634789913892746,,
9,9899,,0.06479489803314209,,
9,9949,,0.07072892040014267,,
9,9999,,0.056146290153265,,
9,10049,,0.06334032863378525,,
9,10099,,0.048875223845243454,,
9,10109,,,0.07371584326028824,0.07371584326028824
9,10109,0.07659285515546799,,,
10,10149,,0.06153365969657898,,
10,10199,,0.117240771651268,,
10,10249,,0.09729722142219543,,
10,10299,,0.07630711793899536,,
10,10349,,0.06552205234766006,,
10,10399,,0.05324698984622955,,
10,10449,,0.06746774911880493,,
10,10499,,0.04573540389537811,,
10,10549,,0.062157049775123596,,
10,10599,,0.05535593628883362,,
10,10649,,0.09024636447429657,,
10,10699,,0.06346628814935684,,
10,10749,,0.06085088104009628,,
10,10799,,0.06438784301280975,,
10,10849,,0.06609552353620529,,
10,10899,,0.08120371401309967,,
10,10949,,0.06668341904878616,,
10,10999,,0.07757757604122162,,
10,11049,,0.0773741751909256,,
10,11099,,0.06465552002191544,,
10,11120,,,0.0637630745768547,0.06376306712627411
10,11120,0.06930060684680939,,,
11,11149,,0.05656469613313675,,
11,11199,,0.059271715581417084,,
11,11249,,0.06889086216688156,,
11,11299,,0.0584787093102932,,
11,11349,,0.043083079159259796,,
11,11399,,0.0384581983089447,,
11,11449,,0.049534041434526443,,
11,11499,,0.06011701002717018,,
11,11549,,0.05191216617822647,,
11,11599,,0.13979054987430573,,
11,11649,,0.0621923953294754,,
11,11699,,0.053976986557245255,,
11,11749,,0.052925288677215576,,
11,11799,,0.08419714868068695,,
11,11849,,0.06384427845478058,,
11,11899,,0.05588226765394211,,
11,11949,,0.06280341744422913,,
11,11999,,0.0644155964255333,,
11,12049,,0.03805297613143921,,
11,12099,,0.041210830211639404,,
11,12131,,,0.06672956794500351,0.06672956794500351
11,12131,0.06411057710647583,,,
12,12149,,0.07629917562007904,,
12,12199,,0.05290357396006584,,
12,12249,,0.06367119401693344,,
12,12299,,0.03435472398996353,,
12,12349,,0.05242331326007843,,
12,12399,,0.05196084827184677,,
12,12449,,0.06803125143051147,,
12,12499,,0.046350300312042236,,
12,12549,,0.06809233129024506,,
12,12599,,0.04185566306114197,,
12,12649,,0.040935151278972626,,
12,12699,,0.05577445030212402,,
12,12749,,0.049915771931409836,,
12,12799,,0.05509866774082184,,
12,12849,,0.05107460170984268,,
12,12899,,0.05674666166305542,,
12,12949,,0.04314012452960014,,
12,12999,,0.05032975971698761,,
12,13049,,0.04038526117801666,,
12,13099,,0.032817043364048004,,
12,13142,,,0.05689339339733124,0.05689339339733124
12,13142,0.05951645225286484,,,
13,13149,,0.041543468832969666,,
13,13199,,0.08005593717098236,,
13,13249,,0.044046178460121155,,
13,13299,,0.055548347532749176,,
13,13349,,0.10899530351161957,,
13,13399,,0.05729270353913307,,
13,13449,,0.0409623421728611,,
13,13499,,0.0411372184753418,,
13,13549,,0.05495071783661842,,
13,13599,,0.03187088668346405,,
13,13649,,0.057418398559093475,,
13,13699,,0.04866710677742958,,
13,13749,,0.04439353570342064,,
13,13799,,0.0527244433760643,,
13,13849,,0.05345100164413452,,
13,13899,,0.02900346741080284,,
13,13949,,0.03537304699420929,,
13,13999,,0.0697864294052124,,
13,14049,,0.062146928161382675,,
13,14099,,0.08767671138048172,,
13,14149,,0.04590817913413048,,
13,14153,,,0.054635606706142426,0.054635606706142426
13,14153,0.0553220771253109,,,
14,14199,,0.21704626083374023,,
14,14249,,0.09363042563199997,,
14,14299,,0.057221006602048874,,
14,14349,,0.08424006402492523,,
14,14399,,0.04763711988925934,,
14,14449,,0.04671887308359146,,
14,14499,,0.057188864797353745,,
14,14549,,0.042780421674251556,,
14,14599,,0.04297604411840439,,
14,14649,,0.03516410291194916,,
14,14699,,0.0410844087600708,,
14,14749,,0.033404696732759476,,
14,14799,,0.05407626926898956,,
14,14849,,0.05773420259356499,,
14,14899,,0.050620127469301224,,
14,14949,,0.06261608004570007,,
14,14999,,0.04635069519281387,,
14,15049,,0.050774719566106796,,
14,15099,,0.09058807045221329,,
14,15149,,0.015833130106329918,,
14,15164,,,0.05360081046819687,0.05360082536935806
14,15164,0.05201596021652222,,,
15,15199,,0.050712063908576965,,
15,15249,,0.04818137362599373,,
15,15299,,0.031805288046598434,,
15,15349,,0.027315320447087288,,
15,15399,,0.050088003277778625,,
15,15449,,0.050255730748176575,,
15,15499,,0.05554526299238205,,
15,15549,,0.03369975835084915,,
15,15599,,0.03659931570291519,,
15,15649,,0.05962122604250908,,
15,15699,,0.06696260720491409,,
15,15749,,0.04634375497698784,,
15,15799,,0.08795380592346191,,
15,15849,,0.038945846259593964,,
15,15899,,0.03223782032728195,,
15,15949,,0.07675652205944061,,
15,15999,,0.0387011356651783,,
15,16049,,0.0902741551399231,,
15,16099,,0.04290684312582016,,
15,16149,,0.07426336407661438,,
15,16175,,,0.05005737766623497,0.05005737394094467
15,16175,0.04921065270900726,,,
16,16199,,0.01909550279378891,,
16,16249,,0.03101397678256035,,
16,16299,,0.03365917131304741,,
16,16349,,0.07155370712280273,,
16,16399,,0.051953066140413284,,
16,16449,,0.03784719109535217,,
16,16499,,0.03412936255335808,,
16,16549,,0.07715760171413422,,
16,16599,,0.043226998299360275,,
16,16649,,0.04104641452431679,,
16,16699,,0.03865436464548111,,
16,16749,,0.029927045106887817,,
16,16799,,0.059534952044487,,
16,16849,,0.03376932442188263,,
16,16899,,0.032353442162275314,,
16,16949,,0.046375155448913574,,
16,16999,,0.031729284673929214,,
16,17049,,0.05481376498937607,,
16,17099,,0.0716405138373375,,
16,17149,,0.0315869115293026,,
16,17186,,,0.04962434992194176,0.04962434992194176
16,17186,0.04657929763197899,,,
17,17199,,0.03527253866195679,,
17,17249,,0.02917487546801567,,
17,17299,,0.05181874334812164,,
17,17349,,0.08198089152574539,,
17,17399,,0.02724848873913288,,
17,17449,,0.025415509939193726,,
17,17499,,0.046086907386779785,,
17,17549,,0.038237378001213074,,
17,17599,,0.07575541734695435,,
17,17649,,0.038223933428525925,,
17,17699,,0.0302096176892519,,
17,17749,,0.050128400325775146,,
17,17799,,0.03896524757146835,,
17,17849,,0.035373929888010025,,
17,17899,,0.03507712483406067,,
17,17949,,0.0877234935760498,,
17,17999,,0.0681067481637001,,
17,18049,,0.03667575120925903,,
17,18099,,0.03665253520011902,,
17,18149,,0.06973870098590851,,
17,18197,,,0.04489079862833023,0.04489079490303993
17,18197,0.044518083333969116,,,
18,18199,,0.02834794856607914,,
18,18249,,0.07794841378927231,,
18,18299,,0.04075286537408829,,
18,18349,,0.03669632226228714,,
18,18399,,0.037853509187698364,,
18,18449,,0.021179428324103355,,
18,18499,,0.02828441932797432,,
18,18549,,0.043081507086753845,,
18,18599,,0.047962456941604614,,
18,18649,,0.03570055589079857,,
18,18699,,0.0316954180598259,,
18,18749,,0.033607833087444305,,
18,18799,,0.2119157314300537,,
18,18849,,0.03963685780763626,,
18,18899,,0.05709080398082733,,
18,18949,,0.030227698385715485,,
18,18999,,0.03385045751929283,,
18,19049,,0.039524637162685394,,
18,19099,,0.07460257411003113,,
18,19149,,0.07503149658441544,,
18,19199,,0.049468282610177994,,
18,19208,,,0.046145711094141006,0.046145711094141006
18,19208,0.04259182885289192,,,
19,19249,,0.029086409136652946,,
19,19299,,0.06502947956323624,,
19,19349,,0.07394243776798248,,
19,19399,,0.03480244055390358,,
19,19449,,0.04128330573439598,,
19,19499,,0.02762511745095253,,
19,19549,,0.04486841708421707,,
19,19599,,0.02169375866651535,,
19,19649,,0.03374471515417099,,
19,19699,,0.05449916422367096,,
19,19749,,0.024736221879720688,,
19,19799,,0.022622020915150642,,
19,19849,,0.037849873304367065,,
19,19899,,0.02982642874121666,,
19,19949,,0.0205756314098835,,
19,19999,,0.024391230195760727,,
19,20049,,0.02967088297009468,,
19,20099,,0.0393013060092926,,
19,20149,,0.03811642900109291,,
19,20199,,0.04858627915382385,,
19,20219,,,0.04282910004258156,0.04282910376787186
19,20219,0.04115143045783043,,,
